match_id,player_id,time
300186463,271414,31
300186463,373400,34
300186463,373400,65
1230,174771,59
1230,59027,70
1230,55466,84
1660,174590,11
1660,174590,83
1660,25113,70
1660,57776,75
8768,170749,3
74,63524,81
300061506,229884,83
1119,58843,11
1119,59017,31
1119,59017,61
1119,59658,53
1119,49294,35
1119,49294,39
439,63627,62
3061,60145,21
3061,77319,43
3061,93859,55
2220,174426,6
2220,44559,35
2220,44560,36
2220,44560,53
2220,59385,82
2220,55413,79
8787,155685,22
8787,174882,14
8787,155711,36
300331526,407125,90
1637,174521,38
1637,57776,84
1637,49660,22
878,44573,1
878,44573,67
878,53649,83
878,58227,24
1764,63879,59
751,174840,22
751,174395,54
300331530,270775,23
8729,95166,69
1158,45598,81
1158,45598,89
1158,45598,9
1158,59912,22
1158,59912,37
1158,59912,44
1158,52017,80
1158,55350,84
43950028,182590,86
43950028,179306,56
300186475,321722,12
300186475,321722,45
300186475,321722,78
300186475,311150,32
1676,47679,5
1676,56397,46
1676,174388,57
643,44001,62
643,51091,83
643,174342,17
643,174342,73
643,47704,82
300061510,267834,28
300061510,189259,51
300061510,321722,19
300061510,196791,56
300061510,196900,82
3098,77376,64
3098,44759,76
3098,63547,53
3098,96461,63
3098,63517,81
1949,174617,19
1949,174851,35
300061455,233703,77
300061455,180583,89
585,174345,4
585,174339,84
97410051,161454,60
43950004,182206,20
43950004,182206,25
43950004,182206,70
43950004,177667,40
43950004,168509,45
43950004,155354,73
43950004,155334,84
43950004,164548,90
1461,61571,56
1461,63869,73
1174,174474,35
1174,174474,6
1174,174862,16
1174,174862,82
1174,44693,8
1174,44605,70
511,55555,33
511,174442,43
511,174442,57
511,174442,80
511,174442,89
511,166547,68
395,44707,6
395,44707,46
395,44585,18
395,55941,73
300186459,214876,52
300186459,299090,90
680,174543,3
680,57097,85
97410006,184616,18
43950053,158471,8
43950053,175507,65
8752,78384,31
8752,78384,55
8752,75952,73
8752,75952,78
8752,75952,83
1820,59342,45
1820,59342,46
1820,49563,58
1820,46274,83
1089,56077,40
1123,174761,11
97410010,177712,5
97410010,177823,36
97410010,177823,76
1709,39547,12
1709,61699,89
1709,61638,43
43950045,156053,48
43950045,156055,75
1135,44610,18
1135,44610,29
1135,44610,64
1135,174825,20
1135,174825,69
1135,174537,63
1135,174761,90
1135,48676,57
300061480,184410,25
300061480,184410,73
300061480,207956,89
300061480,196699,81
300061480,297409,90
8744,170774,7
8744,155979,75
8744,155979,89
97410047,198446,36
43950012,170167,61
43950012,154801,65
1532,174781,2
1532,174436,65
1532,174436,67
1498,58444,80
120,44241,75
3082,77510,5
8764,157429,18
8764,157429,90
8764,77503,45
8764,159267,74
97410030,182647,16
97410030,209979,88
300186480,290904,78
198,44739,35
198,44739,75
198,174666,37
198,174742,47
198,174385,58
198,94471,46
43950032,166375,14
43950032,166375,65
43950032,166375,77
43950032,161070,88
1284,59793,7
1284,57659,12
1284,57659,79
1284,174784,30
1284,174784,60
1284,174784,77
1284,44747,62
1284,291090,21
1284,52892,82
161,174708,9
161,44634,73
8725,76948,37
8725,156741,60
8725,181656,45
8725,129893,61
43950024,4078,4
300331496,367920,54
1768,63896,11
1768,63881,15
1768,63881,52
1768,63879,75
1768,174552,28
1768,174483,70
2451,48106,43
2451,174483,71
2451,174483,77
2451,174645,14
8772,153970,36
300061459,296013,7
300061459,177788,52
1945,46956,35
1945,63896,32
1945,63879,49
300186479,290902,70
300186479,358114,80
300186479,319358,25
97410026,208353,2
97410026,183000,82
300186496,297103,45
300186496,297103,72
300186496,178185,48
43950008,155148,44
43950008,183383,74
43950008,174605,87
43950008,157897,82
264,44611,65
264,44629,83
771,174856,50
771,50899,68
771,50531,27
771,50531,75
300331510,300377,76
300331510,357991,53
300331510,359381,90
2216,44607,9
2216,52483,76
2216,57211,21
3057,63547,26
3057,76828,52
300061475,170667,10
300061475,254120,33
300061475,179027,61
1085,174777,81
42,44611,78
1656,50746,15
1656,174590,20
1656,174590,77
1656,25113,39
1656,25113,52
1206,58582,15
1206,54060,33
1206,55844,80
1206,60291,82
300186510,207528,27
300186510,217315,44
300186510,217315,72
300186510,184616,53
300186510,184616,80
300186510,313021,65
300331547,273996,6
300331547,358112,16
300331547,358112,45
300331547,273996,51
300331547,378835,90
300331547,411653,18
300331547,364669,90
1343,63866,32
1343,63866,9
1343,63869,55
1343,63869,90
1343,61571,68
1343,174705,4
1343,58070,80
300186455,362649,42
300186455,297112,90
300186455,353118,74
300061463,299703,13
300061463,299706,42
300061463,175507,48
300061463,233531,82
43950049,179558,88
2200,174398,67
1990,174681,78
1990,174796,45
1990,174796,5
1990,44560,71
1990,69596,88
1093,61698,21
1093,46364,30
1093,63823,62
300111116,196789,8
300111116,182206,26
300111116,321722,68
300111116,312546,70
300186506,354859,60
300186506,358048,6
675,166526,79
675,52077,19
675,52077,27
675,52517,62
300331551,290904,69
300331551,290902,74
300331551,358108,90
300331551,347718,48
300331551,271255,52
2083,44571,52
2083,174389,66
2083,174347,79
2083,57537,46
2129,44679,38
2129,44043,44
2129,174455,85
1882,50395,25
1882,44569,63
1882,44569,76
1882,44571,70
1882,50119,13
788,44582,25
788,44582,5
788,44582,74
788,63627,12
788,63630,68
300331506,349696,18
300331506,225497,50
767,174554,39
1752,174845,14
789,63650,28
789,63650,31
789,63630,64
789,63736,70
1753,47121,14
1753,47121,63
1753,45842,57
1753,69799,76
1753,52706,86
1883,174505,10
300186507,353118,64
300186507,290186,66
300186507,233500,16
1641,198018,57
1641,174346,75
1641,56509,28
300331550,356704,39
300331550,268596,6
300331550,275136,73
300061462,186453,23
2201,174658,21
2201,174658,48
2201,44683,43
2201,174722,50
2201,174722,72
2201,174617,67
43950048,178975,3
43950048,178976,5
43950048,178968,66
43950048,175507,83
2344,53164,22
2344,46475,37
2344,44577,42
2344,60386,41
55,174867,11
8749,161077,37
8749,91967,41
8749,77376,71
8749,155681,80
8749,95564,83
1092,46364,60
1092,46364,67
1092,53657,65
1092,59734,85
300111117,215002,53
398,55975,42
1207,174559,29
1207,44727,73
1207,46285,37
1207,46285,39
300186511,214228,29
300331546,369434,8
300331546,369419,22
300331546,398743,36
300331546,369434,40
300331546,369419,45
300331546,369419,62
300331546,201720,78
377,55528,66
2217,37656,59
2217,52483,66
2217,52483,87
2217,44587,19
2217,174610,68
3056,76750,31
3056,174820,47
3056,44320,8
3056,48179,75
300061474,154949,81
300061474,233500,17
300061474,177768,30
300061474,286278,87
1084,61693,12
1084,61693,13
1084,49179,51
1084,58531,15
43,174403,31
1987,63879,12
1987,63896,66
1987,63905,79
2186,46091,30
2186,46091,8
2186,46091,81
2186,174514,14
2186,58597,18
2186,51943,22
2186,46718,35
2186,55418,61
2186,56194,65
265,174560,11
1315,54212,71
1315,44609,84
770,174619,10
300331511,201200,4
459,58105,85
459,174342,43
43950009,162580,60
1179,44100,2
1179,174862,94
1179,47007,83
300186478,213001,21
300186478,197514,54
300186478,184616,20
300186478,217315,58
300186478,336098,68
97410027,175683,49
97410027,233952,90
300186497,358120,93
300186497,358112,10
300186497,369094,10
8773,3242,11
8773,3242,26
8773,92699,45
8773,92699,72
8773,154557,70
567,58469,29
567,44690,62
567,44577,84
3095,44543,10
3095,44543,88
3095,174431,78
3095,157927,11
1102,51569,67
1102,51569,9
1102,52535,79
1102,46383,4
1102,49694,48
422,49383,27
422,95450,43
422,174554,10
422,45546,11
422,43988,11
422,44006,73
300061458,207761,17
300061458,271550,33
300061458,271550,76
300061458,271550,80
300061458,268414,45
2391,174426,50
2391,174586,75
2391,174426,18
300331497,344714,49
300331497,344714,75
300340184,313374,19
300340184,402138,90
300340184,401884,14
300340184,401885,81
1769,63869,19
1769,63869,67
1769,63879,22
1769,174511,34
1769,48413,84
2450,44679,65
43950025,155979,55
43950025,187258,73
43950025,164496,76
475,49148,2
475,48469,75
1285,51007,9
1285,44545,85
8732,77929,27
8732,77290,50
8732,170333,75
8732,170333,84
1840,174790,19
1840,174790,26
1840,174790,39
1840,174483,44
1143,58627,24
1143,58193,49
1143,174799,82
1143,52146,18
1143,51384,78
463,174797,34
463,57857,61
43950033,179027,22
43950033,154949,67
97410031,155148,71
97410031,183864,76
97410031,183864,90
97410031,213369,8
1682,47679,57
300186481,379911,88
1544,48526,12
1544,48365,29
1544,50818,90
1544,53770,1
3083,77322,45
3083,77319,90
571,174535,62
571,44552,53
8765,55176,7
8765,156242,72
1952,174694,62
1952,174694,7
1952,44679,8
1952,50792,60
1952,174949,66
43950064,92699,67
43950064,92699,79
1051,174486,18
1051,59816,29
1051,59816,32
1051,181332,73
1051,45752,79
1051,58575,54
1051,60039,64
43950013,182445,59
43950013,177771,67
43950013,44755,57
43950013,184585,75
1925,174527,11
290,44115,90
97410046,209989,23
97410046,182647,77
43950044,178842,48
1071,47683,59
1071,57932,84
1071,174645,15
1071,44651,86
1421,48131,20
1134,174825,81
1134,44610,95
1134,174884,71
1564,58132,25
1564,174551,29
1564,51536,49
1564,47146,19
300061481,276117,27
300061481,253460,86
551,47815,47
551,174442,2
551,44594,18
8745,170711,37
8745,170711,78
8745,170709,68
8745,166722,85
2348,44922,3
2348,54656,70
2348,174586,27
2348,44714,84
228,44540,71
228,174582,11
2431,160825,43
2431,160825,84
2431,44043,56
2431,56684,52
97410011,184312,44
1437,174591,49
1437,58070,88
300061478,227846,46
300061478,217313,85
43950052,170678,8
43950052,179102,90
8753,158770,72
8753,155334,78
8753,54219,13
8753,44667,52
1088,174777,20
1088,57749,56
1088,61693,69
1088,61693,87
1088,174854,80
1088,174854,85
1088,46989,89
1122,174537,44
1122,56771,30
394,174342,6
394,174732,34
300186458,344714,4
300186458,344714,47
300186458,229397,3
300186458,229397,45
300186458,318688,50
2098,44560,7
2098,44560,86
97410007,214007,28
97410007,214007,76
97410007,218252,79
97410007,155851,36
43950005,161455,24
43950005,95673,59
1460,369227,72
1460,369227,86
1460,56999,35
1175,44605,40
1175,44788,89
1525,57678,13
97410050,162680,10
97410050,184291,98
97410050,178119,6
3099,63547,80
1948,1043,10
1948,1043,90
1948,174681,25
1948,44560,73
3076,174666,12
3076,174666,37
3076,44565,20
3076,174626,52
3076,2188,63
300061454,249477,55
300061454,178119,79
300186474,312868,90
300186474,321722,11
300186474,182206,23
300186474,275162,24
300186474,275162,26
300186474,196900,29
300186474,306548,69
300186474,306548,79
43950029,177771,51
1765,63869,18
1765,63880,66
1765,63879,71
1765,63891,86
1765,174416,37
750,174500,89
750,63650,11
750,63736,66
750,252326,75
896,174810,4
896,174810,83
896,56368,11
896,44094,23
896,44094,54
896,59088,50
896,69419,69
896,69419,72
896,69419,76
896,58660,70
896,56661,64
300331527,389867,34
1323,47957,2
1323,44545,32
1323,44545,79
1323,57776,40
75,55528,40
75,55528,63
75,174431,79
8769,123663,71
8769,158279,12
300061507,215002,53
300061507,215002,68
300061507,194815,10
3060,174666,48
3060,50025,14
2221,44582,14
8786,163666,47
8786,163666,70
8786,155711,46
300186462,367388,79
300186462,178403,90
1231,174559,39
1231,54212,77
1231,54212,85
1231,55844,5
1231,58582,40
8762,95664,12
8762,95448,56
8762,44298,42
3084,58455,61
3084,58105,90
300061449,225204,70
300061449,297811,20
300061449,230776,37
1406,174591,34
1406,174591,55
1406,44689,77
1955,48123,58
1955,44670,72
43950063,189571,9
43950063,179025,90
43950063,163107,1
43950063,186677,13
43950063,186677,32
300186469,321722,55
97410036,4332,25
97410036,182783,86
300186486,270775,39
300186486,270775,85
300186486,196842,75
1390,44644,32
1390,174576,81
1390,174591,88
1390,57659,24
29,174779,62
29,174366,68
8735,158770,73
43950034,4108,20
43950034,185142,26
43950034,185142,38
43950034,185368,45
43950034,189259,69
43950034,158435,88
97410061,230756,11
97410061,155963,12
1152,63829,30
1152,174799,65
537,174708,9
537,174708,14
537,174708,34
1447,49203,4
921,44679,40
921,53454,44
921,52583,46
921,49971,13
921,48030,72
43950022,170678,53
43950022,170678,69
43950022,174605,83
43950022,177914,10
1294,174886,12
1294,174886,89
1294,174690,18
1294,174669,24
1294,174669,36
1294,174669,50
1294,174485,59
1294,55850,75
1294,55850,83
300340183,370456,5
300340183,311558,52
300340183,321653,90
3092,77275,18
3092,58455,6
1105,52908,1
1105,52908,42
1105,47914,27
1105,51009,28
1105,44631,54
8774,155979,18
2396,44582,34
2396,174398,36
2396,174389,60
2396,59086,81
97410020,169551,89
1386,29875,24
1386,29875,30
1386,29875,67
1386,174861,52
1386,44760,61
1386,174677,70
1386,61704,83
1386,45517,20
1386,45517,44
1386,57103,50
2247,63908,64
2247,63751,72
2247,174462,38
1191,45005,4
1191,63844,69
2181,174515,46
2181,174515,77
2181,57506,74
300331516,270775,10
300331516,358883,23
300331516,267834,90
3051,44766,44
3051,46931,39
300061473,170667,65
300061473,217315,36
300061473,184615,83
1596,63869,15
1596,63868,63
8758,156732,23
8758,156732,85
8758,156741,46
1129,50950,60
1129,50950,63
1129,48779,82
1650,50708,62
1650,174134,48
1345,63869,66
300186453,187258,11
300186453,359381,48
300186453,375518,61
300186453,375518,73
300331541,407498,30
300331541,401298,59
300061465,187539,79
1095,59596,3
1095,59596,65
1095,57131,51
1996,174414,75
1996,56020,87
300186500,214876,44
389,44707,3
389,174440,76
2085,174694,17
2085,174694,87
2085,44043,18
2085,44679,30
2085,44679,34
2085,44679,50
2085,174569,31
1187,45005,30
1187,45005,79
1187,63846,65
1187,63850,71
2251,63751,15
2251,63751,28
2251,63650,73
2197,174840,45
2197,174722,73
2197,28528,60
1304,58524,10
1304,58524,30
1304,52892,18
1304,47074,37
1304,47074,64
1304,47074,70
1304,49105,76
300331500,330659,90
300331500,189810,45
300186465,229499,81
1373,174630,68
1236,56458,33
3088,174512,11
3088,174512,18
3088,2354,58
3088,75952,16
3088,174364,75
300061500,185324,35
300061500,200158,38
300061500,194815,59
3067,63547,39
3067,92624,66
3067,96461,73
1774,53015,20
1774,174790,27
1774,174790,52
1774,174790,88
1774,57776,70
1774,55162,12
1774,26237,89
741,44587,67
741,53379,54
741,43897,68
1324,47957,38
1324,54112,55
1324,45952,59
1324,53996,3
8739,157403,45
25,174454,81
468,95450,79
1332,174630,15
1332,182129,63
1277,174669,21
1277,174669,3
1277,174669,69
1277,174669,78
1277,174886,17
1277,174603,52
1277,174603,54
1277,229609,75
1277,56221,25
1277,44545,77
1277,50849,84
300186473,228627,12
300186473,202655,14
300186473,209502,90
300186473,213001,35
8778,77376,38
8778,160385,90
8778,170749,48
1559,51753,48
1559,57678,80
1559,57678,84
1559,51536,69
3071,174454,21
3071,174454,28
3071,57981,8
429,47133,50
429,47133,76
429,44728,30
429,59586,59
97410057,182206,80
97410057,153933,49
901,168801,65
901,60317,7
43950002,179619,52
43950002,154626,39
1172,174679,93
1172,60322,11
1172,174799,11
517,174520,57
393,174434,23
393,44707,56
393,174440,84
393,44587,74
393,44739,81
43950055,177734,12
300061490,181406,55
300061490,202076,72
300061490,210106,89
8754,158471,87
8754,94088,41
8754,155853,83
48,174815,49
48,44578,63
48,174792,83
813,44587,57
813,44587,66
813,44587,9
813,56785,83
813,54559,90
2066,174428,39
2066,174790,82
97410016,176953,23
97410016,158268,90
97410016,210439,57
97410016,77503,84
300061469,208353,25
300061469,182606,11
1426,55962,20
1426,45056,49
1426,57103,80
1426,55467,12
1426,59577,29
1426,56618,73
43950043,185038,34
43950043,155963,85
8742,92699,9
8742,170691,45
8742,96461,50
1133,52146,43
1133,52146,7
1133,174322,66
1133,58166,29
1133,59550,69
300061486,198106,14
300061486,198111,20
300061486,216970,82
1099,47398,60
1563,182129,51
1563,56380,83
782,160825,26
782,160825,4
782,160825,53
628,57097,35
97410041,184451,26
97410041,155969,87
43950014,174626,26
43950014,156242,53
1922,50192,90
444,63627,30
444,63548,55
444,179502,79
444,55528,83
1471,58681,21
1471,57776,82
1164,174474,9
1164,174862,51
1164,174862,72
1164,50742,10
151,174661,58
151,174321,83
43950015,178833,59
43950015,77516,64
1470,174330,1
1470,174330,53
1470,174330,6
1470,44689,70
1470,44689,8
1470,58243,12
1470,58211,64
1165,174322,43
1165,49822,29
150,44764,58
783,55462,48
97410040,159284,75
97410040,176991,60
2175,174645,88
2175,51873,81
300353632,368655,89
300061468,305036,60
43950042,166347,6
43950042,167060,9
43950042,177734,85
8743,154557,70
8743,154102,90
300061487,210214,29
300061487,179159,53
300061487,214410,56
300061487,187199,60
300061487,187199,89
300061487,313541,81
300061487,201200,87
1098,48467,1
1098,58384,79
1098,52463,89
1098,58313,75
1562,53537,38
1562,182129,89
1562,57281,54
2067,174796,7
2067,44559,59
97410017,179558,90
43950054,170691,67
43950054,92699,87
300061491,181603,47
300061491,229884,24
300061491,183857,37
111,174883,20
111,44783,29
111,44775,52
111,174504,63
8755,170713,82
392,174732,51
392,174732,55
392,174708,81
97410001,196748,6
97410001,182206,17
97410001,182206,61
97410001,182207,87
97410001,154799,12
97410001,154799,73
900,174711,50
900,44107,75
900,60272,82
43950003,4388,47
43950003,154949,45
43950003,154949,83
1173,52327,13
1173,59017,15
1173,44605,28
1173,44605,89
1173,44788,35
1173,44788,76
97410056,229884,28
97410056,248373,41
97410056,170707,83
97410056,163331,90
8779,75952,5
8779,153980,45
8779,95571,9
8779,170722,16
994,174477,18
994,48535,83
1108,52297,25
1108,58001,49
1108,47914,66
1108,47914,70
1108,47914,87
1108,59711,29
1108,59711,43
3070,77503,7
3070,92775,45
3070,47461,26
300061452,189259,24
300061452,189259,80
300061452,229502,90
428,44723,45
428,56535,23
428,174153,39
701,44647,68
300186472,320375,26
300186472,314197,17
300186472,314197,35
300186472,233952,49
300186472,208016,84
1919,55013,52
1919,174511,75
1919,56196,5
300331537,336435,13
300331537,411471,57
300331537,389867,64
300331537,389867,68
300331537,266800,41
300331537,266796,48
300331537,228528,90
1276,174770,15
243,44611,38
8738,155355,10
8738,174666,67
1149,174474,51
1149,174761,60
1149,63836,87
43950039,170650,31
43950039,93410,53
43950039,155148,4
43950039,155148,56
43950039,168776,45
740,45875,31
740,45875,7
740,46465,35
740,55032,59
740,52964,73
1325,48813,8
1325,60355,17
1325,60355,40
1325,49393,69
1325,51038,82
1325,51038,89
1325,47957,65
300331521,362727,36
300331521,289964,68
3089,77376,11
3089,77409,41
300061501,182206,20
300061501,196789,32
300061501,321722,67
300061501,321722,70
300061501,195763,37
73,63524,33
828,174574,60
828,53311,61
8780,155711,45
3066,77278,42
3066,77278,65
3066,174333,84
300186464,300409,23
300186464,299198,59
300186464,359997,83
300186464,362641,82
1372,37158,13
1372,51336,55
1372,52071,66
1372,49427,85
1237,59761,25
1237,59761,27
1237,59761,53
1237,52394,26
1237,52394,34
1237,174813,32
1237,56458,76
1237,174370,16
1237,174370,39
1237,51087,17
1237,51087,19
1237,51087,60
1610,56397,28
1610,56397,85
1610,53632,32
1240,46963,26
1240,46963,63
1240,53136,36
1240,53136,91
1240,45671,5
1240,45671,71
1240,47955,67
1240,48545,94
300331501,352394,48
300331501,275162,90
300331501,300255,32
1186,55964,15
1186,63846,21
1186,63847,31
1186,63847,55
1186,45005,57
1186,63844,67
1186,51194,71
43950019,170667,66
300186501,309316,11
388,174732,51
388,174732,63
1702,39547,27
1702,39547,43
1702,39547,56
1702,39547,59
1702,174360,80
1702,55826,1
1702,52997,22
1702,60119,25
1094,58531,65
3103,174431,8
3103,95668,30
3103,77995,37
3103,157927,40
1344,63866,3
1344,63866,77
300186452,359381,87
300186452,178119,72
300186452,251352,75
300186452,228599,82
300331540,308366,90
300331540,314197,90
3050,44594,51
3050,50025,55
3050,2188,85
3050,77942,90
1597,174388,2
1597,49270,64
1597,61644,73
1597,63881,14
43950058,177667,39
8759,96461,78
8759,156982,83
8759,56798,89
1578,45828,65
1578,45828,79
1578,63875,71
263,44611,9
263,174363,78
300331517,186787,12
300331517,183857,12
300331517,216973,12
300331517,216814,12
300331517,358889,41
300331517,358871,12
300331517,371639,12
300331517,358883,12
1313,46791,17
1313,46791,47
1313,46791,57
1313,54212,30
1313,54212,83
1313,43802,54
1313,43802,85
1893,174483,65
1893,174483,75
1893,47480,67
1190,44609,66
1190,174559,79
1190,49608,47
97410021,184291,41
97410021,184291,6
97410021,183574,31
97410021,162680,78
97410021,182373,84
97410021,229397,88
1387,174677,22
1387,29875,44
1387,46087,66
300186491,269058,28
300186491,269058,50
1104,44642,44
1104,44608,93
1104,174400,10
1104,55121,18
1104,59574,11
8775,156902,77
8775,95261,3
8775,52802,12
8775,171139,58
8775,154928,76
1295,174485,12
1295,174603,47
1295,174669,10
1295,174669,11
1295,50957,75
1295,50957,86
1780,174552,50
1780,47758,55
1780,174483,73
1780,48445,13
1780,174414,49
1153,63829,57
1153,56956,63
1153,174678,25
536,174708,31
536,174708,72
536,174384,56
920,174563,33
920,174563,80
920,44577,46
920,44577,68
920,45793,75
43950023,161454,44
97410060,170711,57
1283,57659,14
1283,52280,52
1283,59793,60
1283,174784,84
1283,58524,2
1779,60309,40
1779,69831,61
8734,75952,28
28,44611,17
28,174454,67
43950035,155336,50
43950035,182206,79
1450,49497,17
1450,43993,42
1450,174575,67
1450,57526,81
300186468,269058,64
300186468,356704,70
300186468,290186,73
300186487,271043,18
300186487,228627,32
1391,57659,59
1391,44545,70
1391,48813,24
1391,60355,43
1811,25113,68
1811,57776,82
1811,174790,10
1811,54712,31
1811,174852,49
8763,156922,11
8763,162008,1
8763,162752,58
8763,162010,86
127,174463,49
3085,44739,40
3085,44739,6
3085,174666,11
3085,166579,8
3085,174331,90
1407,43940,5
1407,43991,27
432,174386,27
432,174386,70
432,174386,11
432,44619,56
432,43988,77
432,44042,10
432,44006,11
1954,174828,12
1954,48110,34
1954,174790,53
43950062,92699,49
300331502,386337,35
1243,55865,41
1243,49719,48
1243,44119,58
1243,174716,78
1243,45671,81
1490,44689,17
1490,174330,71
1490,49497,60
919,174554,31
919,28528,43
919,58116,48
919,174423,89
919,45189,75
2253,58120,37
2253,63748,45
1185,54212,14
1185,54212,40
1185,54212,51
1185,44733,18
1185,44609,23
1185,44609,54
1185,56123,83
1185,174559,87
364,44677,5
364,174834,46
364,174834,9
364,174882,90
364,94432,22
97410018,187434,8
97410018,155011,54
97410018,3508,90
300186502,217315,3
300186502,319432,17
300186502,319438,90
300111112,216650,52
1097,55992,10
1097,55992,15
1097,55992,50
300061488,200158,25
300061488,200158,50
300061488,202076,62
300061488,212306,79
3100,58455,44
3100,174363,21
3100,174363,25
108,79318,76
108,79318,86
108,174366,88
1582,45828,53
1582,55600,81
300061467,213001,69
300061467,182606,73
300061467,217019,84
300331543,359440,40
300331543,336435,61
4000,3242,5
4000,95055,74
4000,95068,38
300186514,216646,81
300186514,311558,87
300186514,358015,17
300186514,358014,18
300186514,297106,40
300186514,297103,67
300186514,317056,73
1202,49674,38
1982,63896,60
300061471,208353,85
3053,76774,43
3053,44543,15
3053,44543,89
3053,2354,34
300331514,398550,66
1193,46285,17
1193,60291,30
300186492,227851,61
97410022,217315,23
97410022,183576,27
97410022,211352,38
427,200785,59
427,44619,16
427,44006,21
8776,46662,11
3090,96461,72
1107,174579,19
300331538,218292,76
300331538,208016,13
300331538,358120,31
923,44582,57
923,44684,69
923,174342,81
923,174428,83
43950020,154949,16
43950020,182157,52
889,49571,62
889,46236,66
1150,63829,10
1150,63829,18
1150,63829,93
1150,63836,25
1150,56091,44
1150,56091,71
1150,58666,23
1150,44754,11
1150,44754,53
1150,44754,59
1150,44754,89
97410063,196752,56
97410063,196752,78
97410063,182197,60
97410063,165260,88
43950036,179102,7
43950036,155818,61
43950036,179104,87
1146,59523,1
1146,55121,16
1146,55121,69
1146,51297,38
1392,44545,12
1238,44666,3
1238,44666,65
1238,56458,21
1238,56458,24
1238,56458,4
97410034,170167,25
97410034,216135,33
97410034,216135,66
348,44672,86
348,174747,11
348,174642,81
962,56207,88
43950061,177667,75
1054,49828,24
1054,174409,48
1054,46145,68
3069,174331,65
1111,51276,18
1111,51276,25
1111,52723,29
1111,63829,55
3086,174605,15
3086,77892,74
3086,46358,86
574,174742,88
1812,174623,65
8760,154559,20
8760,154626,56
1166,59783,42
1166,46574,64
1166,174322,75
1166,174322,78
1166,291616,8
1166,53131,22
1189,45005,17
1189,45005,36
1189,45005,52
1189,45005,58
1189,63847,39
1189,63847,88
1189,63849,85
1189,45607,67
1473,44596,44
1473,44596,55
1473,56653,51
1473,60065,6
43950016,178412,4
43950016,160555,29
43950016,158471,36
43950016,159294,39
43950016,158451,71
97410043,211976,34
97410043,92699,45
97410043,92699,81
97410043,176530,53
97410043,176534,59
2176,53200,26
2176,174645,34
2199,174722,15
2199,174395,83
2199,48090,10
300061484,209119,63
300061484,313535,39
8740,95571,42
8740,155117,89
43950041,154799,39
43950041,170167,56
43950041,92699,10
43950041,92699,13
43950041,178116,38
43950041,170691,62
43950041,178112,64
3049,174666,61
97410014,178469,54
97410014,156216,72
97410014,158048,31
1218,47284,12
1218,55865,63
2064,174790,76
8756,123663,46
8756,56197,90
8756,170722,81
1577,174623,78
1598,58057,15
1598,39547,27
1598,39547,85
1598,63885,73
43950057,170722,23
43950057,170691,45
43950057,3243,50
97410002,187434,24
97410002,155011,80
903,63577,14
903,57627,66
903,50281,10
97410055,92699,5
97410055,175683,45
97410055,170687,84
300331518,321716,7
300331518,197514,38
779,48143,76
779,59460,27
1609,55826,88
1609,53632,26
300061451,228599,64
300061451,162580,79
3073,56197,18
66,174473,15
66,44619,24
66,43988,47
66,174390,73
1388,56175,16
1388,59577,63
1388,59577,88
1388,29875,4
1388,29875,85
1222,46042,10
1222,174351,44
1222,69786,89
300186471,200213,5
300186471,309716,58
300186471,269058,90
1275,61704,19
1275,61589,46
1275,174677,88
1275,52703,54
1275,46122,85
610,60106,2
610,174334,4
610,174386,24
610,44768,66
610,48188,73
610,56993,80
300331534,216646,31
300331534,356399,88
300331534,236536,56
300331534,319460,90
27,174427,85
1633,174623,10
1633,174623,12
1633,174623,18
1633,174852,78
1633,174590,12
1633,44749,89
1263,54702,43
1263,70047,69
1326,174341,38
1326,174341,89
1326,44604,49
1408,174336,55
1408,54016,76
1408,44689,33
2224,52483,42
8783,174637,45
8783,155713,80
8783,155711,85
300061502,182373,26
300061502,182373,52
300061502,271550,33
300061502,228599,71
128,95459,32
128,174544,75
128,174762,87
201,174742,28
201,174742,64
201,174666,39
201,44739,70
201,44241,55
300186467,229884,36
300186467,183864,69
300186467,267811,82
97410038,176984,37
97410038,176984,67
97410038,177615,86
97410038,216929,10
97410038,298690,20
300186489,267834,24
300186489,307529,54
300186489,312987,57
300186489,270144,84
300186466,229397,90
97410039,214964,6
97410039,179159,24
97410039,214012,29
3064,77240,69
8782,96461,10
8782,170691,25
8782,170691,59
8782,168837,2
8782,52802,50
300061503,175507,62
300061503,196897,5
300061503,208353,93
129,44645,12
129,44645,63
129,44645,82
129,174683,76
129,94770,55
1632,174622,38
1632,174622,75
300331523,395531,32
300331523,241559,71
1327,50717,56
1327,52071,73
1327,52347,16
1327,52394,70
26,174820,67
2337,45845,75
300331535,314197,51
300331535,344547,88
30,44704,27
30,174440,79
538,63677,75
1389,44545,20
1389,57776,79
1389,53996,19
1389,53996,60
300186470,319436,77
300186470,336098,90
300061450,270775,43
3072,58455,5
3072,58455,55
3072,52856,65
3072,81634,90
580,44739,22
580,174339,50
580,58474,18
996,44582,22
996,44582,73
300331519,274090,51
300331519,229397,14
300331519,318688,86
1608,174745,8
1608,174377,88
902,45793,47
43950001,185142,30
97410003,94915,2
8757,155979,48
8757,174363,90
8757,174602,90
300061493,201785,75
1599,48261,43
1599,61644,45
1599,174388,54
1599,174357,15
43950056,177806,88
43950056,156216,11
43950056,155979,18
97410015,207528,13
97410015,229884,17
97410015,229884,48
97410015,183864,81
739,44607,55
739,52483,67
1219,51531,25
1219,51531,69
1219,45607,34
1219,47284,7
1219,54647,78
2065,174828,51
2065,174415,52
2065,174573,76
2065,174612,89
2065,174515,24
2065,57506,53
1130,174799,21
1130,174799,69
1130,174799,80
1130,55223,62
8741,157525,66
8741,156980,46
43950040,177700,45
43950040,182783,65
43950040,182783,84
43950040,162013,73
97410042,235367,22
97410042,155382,45
97410042,207851,43
2198,174658,10
2198,174658,38
2198,174395,11
2198,54939,82
1188,69792,3
1188,63850,32
1188,49289,17
1188,49289,88
1472,56653,73
1472,59050,87
43950017,182206,19
43950017,179102,90
914,174711,17
914,44587,10
914,44107,10
914,28528,26
914,44701,92
914,174563,98
43950060,186677,4
3068,174431,37
3068,48179,59
3068,48179,81
3068,95648,4
1055,44647,55
1055,174694,58
1055,160825,61
1055,47055,68
1055,47789,76
1055,52634,83
3087,94332,85
3087,48179,6
3087,157927,51
3087,157927,88
1813,47813,50
8761,174605,6
8761,77892,18
8761,170678,55
8761,170678,81
8761,159282,88
8761,155142,90
8761,52406,58
300186485,311150,13
1239,44666,16
1239,48082,59
1239,174813,79
1239,50957,22
97410035,177703,51
97410035,77995,90
97410035,179662,34
97410035,214961,85
43950037,179023,59
43950037,162680,88
8736,159346,45
8736,159172,27
8736,174882,53
8736,155711,69
522,174520,11
522,174520,67
522,174520,80
522,52953,41
522,44298,52
522,55555,88
522,189880,45
97410062,163331,33
922,58116,66
922,174835,84
43950021,77995,35
43950021,77995,63
43950021,178390,27
1151,63836,44
1151,63829,63
1151,63829,74
1151,56091,80
1151,51569,28
1151,55350,38
1278,174784,10
1278,44545,18
1278,44545,84
1278,174886,6
1278,174485,8
2004,174914,69
2004,50945,55
2454,174694,43
300331539,358114,47
300331539,358112,69
300331539,358112,75
2395,174486,44
2395,49863,47
2395,49863,68
2395,44559,34
2395,44560,71
8777,174666,74
8777,155334,86
8777,170333,47
3091,93859,25
3091,174363,10
3091,174363,88
1106,51009,8
1106,60365,51
1106,44605,60
300186493,309316,51
300186493,182206,71
300186493,294620,54
300186493,208353,63
1385,44760,44
1385,29875,55
1385,29875,63
1385,174861,68
1192,174786,39
1192,53572,51
774,47861,19
300331515,228528,19
300331515,359847,23
97410058,177655,6
97410058,217882,59
97410058,217882,69
2182,174515,29
2182,59079,85
2182,58597,27
1983,174796,50
1983,1043,65
959,52681,60
959,45793,9
300061470,298885,38
3052,174616,11
300331542,395552,90
300331542,229444,12
300331542,309714,12
300331542,339731,12
300331542,369419,57
300331542,369419,12
300331542,401470,12
300331542,306504,12
300331542,369400,12
1653,44576,26
1653,47998,31
1653,48288,15
300111113,184616,18
300111113,215002,84
300111113,184410,90
1096,29657,19
1096,52726,40
1096,53765,43
1096,53765,87
1096,47331,70
300061466,214961,4
300061466,207851,40
300331554,370575,35
300331554,369419,11
300331554,369419,90
97410019,194176,83
97410019,214961,90
300186503,266800,11
2252,63908,12
2252,63914,57
2252,63914,63
2252,174694,45
300331503,379988,12
300331503,358883,43
300331503,358889,71
300331503,358883,90
300331503,371639,90
627,56535,54
43950010,92699,50
43950010,170691,87
43950010,166347,45
1475,44579,90
440,55528,17
440,28528,41
300331508,395552,40
300331508,229444,70
300331508,309714,75
2170,44043,24
2170,174694,62
2170,51873,43
97410045,170707,55
97410045,170711,61
1249,63850,23
1249,63855,30
1249,63859,34
1249,63859,43
1249,63854,69
8746,170650,51
8746,24456,12
102,79318,10
102,44555,11
300061482,234927,29
300061482,198161,7
1422,53996,44
1422,53996,99
1422,60355,19
43950047,177788,70
97410012,213001,84
97410012,213001,89
97410012,154050,90
97410012,177773,26
2062,44652,77
300186508,215002,88
300186508,184615,90
300186508,234551,48
300061494,229884,17
300061494,229884,51
114,174711,88
114,154742,90
8750,44755,42
8750,44755,47
8750,77275,55
8750,162580,62
43950051,77995,11
43950051,4102,10
43950051,4102,37
1434,56175,6
1434,69955,49
3059,75952,2
3059,75952,44
3059,75952,90
3059,174732,60
300331549,307849,90
300331549,234552,26
300331549,228599,66
378,159846,15
378,159846,68
378,63581,70
1208,51194,81
1208,46285,83
1208,60291,89
1208,55936,17
1176,51377,19
1176,44693,37
1176,44788,39
1176,44788,85
1176,44605,65
1176,55350,1
1199,60291,48
1463,369227,17
1463,63867,69
1463,63866,78
1463,174738,15
43950006,4039,39
43950006,162012,55
43950006,181632,63
43950006,170647,90
97410053,165247,90
790,63650,33
790,63648,48
790,63651,63
790,63630,87
790,54948,18
300061457,215513,44
300061457,228336,71
300061457,178738,16
3075,57487,67
3075,77901,19
3075,160368,66
3075,160368,70
1418,46396,89
1418,174336,32
300061512,189259,41
300061512,286481,90
300061512,155679,18
300061512,215002,70
300061512,184616,73
568,28528,15
568,58469,57
2408,49130,43
2408,48213,60
300186498,270301,20
300186498,318150,43
300186477,376230,3
300186477,229397,65
300186477,300411,85
300331532,375754,90
300331532,307849,90
300331498,375518,4
300331498,336472,12
300331498,241559,12
300331498,296633,12
300331498,318485,1
300331498,309962,12
300331498,302550,12
753,44684,57
753,174446,67
753,174840,83
1459,63868,31
1459,63868,59
1459,63866,53
1459,174607,38
196,174666,51
196,174427,85
196,174671,89
1635,43993,30
1635,43993,80
1635,39547,82
1770,63896,24
1770,63869,59
1770,63879,61
1770,63879,83
1770,56196,11
300331524,201200,4
300331524,201200,44
300331524,201200,88
300331524,367920,24
300331524,367920,55
300331524,400711,58
8785,92699,46
8785,155670,87
2388,44559,40
2388,44559,62
2388,44559,79
3063,174526,35
3063,77535,52
3063,76774,90
300061504,270775,8
300061504,270775,80
300061504,268414,68
300186461,289964,7
300186461,271043,69
300186461,269058,80
342,174687,41
342,174687,55
1300,174370,18
1300,51087,78
1300,174417,44
97410049,196789,12
97410049,196789,4
300331504,358883,31
300331504,312866,11
300331504,302539,12
300331504,186787,12
300331504,411572,12
300331504,336472,39
300331504,299896,10
300331504,380000,12
300331504,241559,12
300331504,299896,12
300331504,296633,12
159,174427,60
159,174708,80
1479,48099,56
1479,57281,75
1479,60405,19
1880,59219,53
1880,58341,56
300186504,271550,8
1091,59994,37
1091,59994,73
1091,63823,67
1091,63823,83
300111114,177914,73
56,44731,29
56,166466,26
56,166540,38
2347,44582,29
2347,44773,54
2347,174688,1
1838,174416,8
1838,174438,98
1838,44569,10
1838,44571,11
1838,44612,90
1838,174790,11
1838,174790,94
2202,174658,16
2202,174658,71
300061461,175507,90
300186457,286278,45
300186457,309714,17
300186457,313832,55
300186457,313832,82
300186457,269058,90
97410008,166375,4
300331545,269735,86
300331545,398594,37
300331545,336000,60
300186512,294620,82
300186512,207851,1
300186512,373555,86
1984,174694,76
300061498,229884,63
1087,48687,12
1087,47419,57
1087,51279,68
1087,47398,89
1087,174854,20
1087,61693,37
300061477,233500,39
3055,56798,84
1480,174551,20
1480,174551,61
1480,51536,25
1480,51536,87
1480,54059,82
1228,58582,17
1228,55844,26
1228,53163,35
1228,53162,74
300186494,356409,48
300186494,311554,90
300186494,373400,22
1382,29875,16
1382,29875,36
1382,29875,78
1382,29875,89
1382,174677,27
1382,48710,50
1382,47780,18
1382,44545,52
1382,57659,84
97410024,199026,63
97410024,201200,80
1947,60138,15
1947,60138,68
1947,174617,18
1947,174362,55
1947,57537,63
421,163644,85
421,43988,35
3079,95648,15
3079,95648,41
3079,95648,44
3079,95648,72
3079,95648,75
3079,81831,81
3079,79318,46
564,174427,9
564,44739,90
3096,58455,75
3096,52856,78
3096,174742,47
1101,47419,18
1101,47419,67
1101,47419,72
1101,45675,20
1101,45675,31
1101,51279,61
1101,59734,4
8770,161516,20
8770,161454,29
2003,174428,18
476,174409,58
476,44775,74
43950026,170688,15
43950026,170691,32
43950026,3243,45
43950026,92699,55
8727,171398,77
8727,174872,90
1156,58197,10
1156,58197,44
1156,69663,69
1156,46605,35
1156,46209,88
1156,48634,10
300331528,336133,59
749,44723,62
43950030,156216,78
43950030,178091,24
460,181121,70
460,49898,11
1510,47000,45
1510,57776,59
1510,57710,73
175,174625,43
175,166466,23
175,166466,61
175,166466,81
8731,174605,21
8731,155148,47
8731,93446,24
8731,44789,73
8731,106557,78
1843,174828,26
300186482,321653,31
300186482,321653,6
300186482,321653,71
97410032,216223,4
97410032,158385,36
97410032,158386,46
97410032,216226,84
8766,161077,4
8766,95564,18
8766,77290,75
8766,170333,90
300061508,189259,55
300061508,183000,45
3080,63547,46
3080,157927,23
1403,44689,19
1403,44689,46
1403,57518,54
1403,46433,69
8788,163331,27
8788,163331,45
8788,95448,90
8767,155334,50
8767,174666,57
300061509,183857,11
3081,54895,47
3081,77376,43
3081,44584,77
300186483,183893,64
300186483,207851,81
300186483,254167,5
300186483,254166,90
97410033,182206,4
97410033,182206,44
97410033,196789,57
43950031,4339,17
43950031,44755,13
1511,56563,85
1141,174884,50
1141,174799,67
1141,48634,11
8730,160559,36
8730,170641,77
8730,170711,90
300331529,291438,56
97410064,184451,19
97410064,163331,7
1012,174835,21
1012,2204,57
43950027,185038,28
43950027,70097,57
43950027,155011,5
8726,155979,11
8726,174363,84
8726,154557,45
8726,154557,48
1157,58197,51
1157,49358,57
1157,48634,35
162,174363,71
162,44611,86
162,174867,81
300331495,303682,47
300331495,358883,59
300331495,358889,62
300331495,344654,73
1946,174617,20
1946,44670,14
1415,58070,17
1415,58070,64
1415,174705,57
3078,106610,48
3078,77263,57
3097,77240,25
3097,174363,88
3097,160368,58
1100,48687,7
1100,57652,24
1100,45675,30
1100,47419,35
8771,94407,74
8771,156015,39
8771,156015,54
300186495,307849,50
300186495,291393,72
300186495,354859,26
300186495,296827,28
300186495,354875,38
300186495,366309,62
1679,174832,42
2405,59530,2
2405,174483,36
2405,174483,39
2405,174483,79
2405,57171,41
97410025,210205,22
97410025,210192,27
1194,56974,16
1194,48048,32
1194,48048,60
1194,56449,54
1194,56883,82
1194,59780,47
1194,53336,48
300331513,369058,53
300331513,241559,80
300331513,296633,90
1747,59429,12
1747,59429,54
1747,52706,79
1252,63855,69
1252,44777,48
1602,59743,17
1602,39547,38
1602,61699,81
2350,54656,15
2350,174791,30
2350,44587,38
2350,44587,73
2350,49470,44
2350,49470,89
119,44555,50
119,44708,85
1086,61693,17
1086,61693,8
1086,61693,80
1086,60407,12
1086,60407,55
1086,44726,53
1086,57131,42
1086,57131,65
1086,49834,75
3054,174490,11
2215,63914,40
1710,61638,31
1710,61638,88
1710,174371,33
300186456,314197,29
300186456,314197,71
300186456,312868,90
300186456,218284,11
1340,63866,2
1340,63855,39
1340,63869,52
1340,63869,64
1340,63869,75
1340,29875,9
1340,174861,83
97410009,177876,40
97410009,234927,83
300331544,267834,7
300331544,267834,62
300331544,275931,55
300186513,306532,37
300186513,298664,35
300186513,301059,50
1090,53957,23
1090,49494,45
1090,55992,69
300111115,178738,12
300111115,3989,69
300111115,296013,38
300111115,207761,49
57,174490,53
57,174496,64
1839,57776,56
1839,174790,80
1839,51467,21
300061460,201964,6
1497,174844,90
1478,182129,11
1478,182129,8
1478,47679,10
1478,56380,56
1478,44945,21
1478,47883,68
1478,56559,72
1478,52277,76
1881,53557,23
1881,54679,50
764,44607,22
1301,51087,14
1301,51087,85
1301,174370,48
1301,49289,90
1301,55058,67
97410048,158386,70
300331505,271255,34
300331505,233500,78
300331505,353790,11
300331505,386256,71
1233,57659,31
1233,174784,47
1233,44747,54
1233,44747,64
1233,59793,61
1233,59793,89
1233,56458,51
300186460,306548,92
300186460,305036,12
300186460,354875,12
8784,155670,12
8784,77376,90
8784,170102,17
3062,2354,35
3062,58605,16
3062,157814,52
3062,52293,65
3062,52293,72
300061505,321722,3
300061505,182206,68
300061505,182206,89
300061505,191178,74
1634,43993,37
1634,174622,75
1264,46791,5
1264,44727,39
1264,44609,46
1264,45523,78
1264,53136,16
1264,49427,67
1771,47842,44
1771,63879,76
1771,63896,89
1771,48099,19
300331525,308366,20
300331525,356415,50
197,174742,25
1458,63868,32
1458,63868,9
1458,63866,47
1458,63866,78
1458,59050,42
1458,44596,61
300331533,336435,58
300331533,349342,81
300331533,197514,62
300331499,214667,65
752,174395,26
752,174732,28
752,174732,57
752,174354,60
752,56368,76
882,49571,27
181,44594,84
181,44667,78
181,44667,93
1675,174360,2
1675,174360,67
1675,61699,90
1675,174388,60
300186499,186808,74
300186499,268149,68
1225,174410,20
1225,47774,23
1225,47774,51
1225,59027,81
1225,55669,89
355,174449,60
355,44645,26
355,44645,78
355,174403,40
355,174594,50
355,174719,90
300186476,298582,31
300186476,201200,80
300186476,208353,57
97410029,170711,9
97410029,177788,81
3074,76751,44
3074,76756,90
97410052,214964,23
2167,174694,43
791,63627,75
791,63651,88
791,46115,34
512,55555,43
512,49091,62
43950007,75952,63
300331548,395264,50
300331548,214667,62
300331548,400634,74
97410005,162680,24
97410005,178837,38
97410005,212306,82
379,60352,59
379,44752,6
1659,174590,43
1659,25113,67
1659,56397,88
300061495,209502,34
8751,155711,77
1823,47121,51
1823,47121,74
43950050,170721,5
43950050,170722,22
43950050,177656,44
3058,77409,50
3058,77435,86
3058,92775,18
2063,174796,2
2063,174428,25
2063,174790,43
2433,51726,55
2433,49925,79
2433,48489,87
2433,59492,45
8747,77325,28
103,174867,25
103,174708,10
103,174708,83
103,174684,61
103,174518,65
300061483,318470,90
300061483,184410,50
1423,45056,4
1423,61675,45
1423,55962,73
1423,54653,24
1423,47886,76
43950046,76144,7
43950046,184587,78
43950046,44755,82
43950046,77512,52
43950046,189214,88
300331509,352891,45
300331509,339745,90
300331509,344654,22
97410044,210704,2
97410044,155696,56
97410044,154061,38
97410044,159069,79
1248,174603,4
1248,174669,7
1248,174669,88
1248,174690,60
1248,44603,18
1248,63854,65
43950011,155979,27
43950011,155979,7
1474,44596,11
1474,44579,29
1474,47679,26
441,55528,15
441,55528,87
441,63548,42